{
  "version": 2,
  "builds": [
    {
      "src": "frontend/package.json",
      "use": "@vercel/static-build",
      "config": {
        "distDir": "dist"
      }
    },
    {
      "src": "backend/server.js",
      "use": "@vercel/node"
    }
  ],
  "routes": [
    {
      "src": "/api/(.*)",
      "dest": "backend/server.js"
    },
    {
      "src": "/(.*)",
      "dest": "frontend/$1"
    }
  ],
  "rewrites": [
    {
      "source": "/(.*)",
      "destination": "/index.html"
    }
  ]
}

